id,Rank,Name,Total Net Worth,$ Last Change,$ YTD Change,Country,Industry
570771,1.0,Jeff Bezos,$188B,+$1.68B,-$2.31B ,United States,Technology
699633,2.0,Elon Musk,$170B,-$2.89B,+$773M ,United States,Technology
350810,3.0,Bernard Arnault,$155B,+$892M,+$40.9B ,France,Consumer
433115,4.0,Bill Gates,$144B,-$1.32B,+$12.2B ,United States,Technology
974320,5.0,Mark Zuckerberg,$114B,+$203M,+$10.9B ,United States,Technology
363043,6.0,Warren Buffett,$108B,-$2.32B,+$20.6B ,United States,Diversified
920007,7.0,Larry Page,$104B,-$1.12B,+$21.6B ,United States,Technology
910137,8.0,Sergey Brin,$101B,-$1.06B,+$20.8B ,United States,Technology
172269,9.0,Larry Ellison,$90.6B,-$2.46B,+$10.9B ,United States,Technology
185793,10.0,Steve Ballmer,$89.1B,-$342M,+$8.71B ,United States,Technology
991281,11.0,Francoise Bettencourt Meyers,$83.9B,-$1.33B,+$8.11B ,France,Consumer
164107,12.0,Amancio Ortega,$79.3B,-$1.07B,+$12.8B ,Spain ,Retail
846727,13.0,Mukesh Ambani,$74.1B,+$402M,-$2.61B ,India,Energy
406183,14.0,Charles Koch,$64.3B,-$195M,+$7.42B ,United States,Industrial
801387,15.0,Julia Flesher Koch & Family,$64.3B,-$195M,+$7.42B ,United States,Industrial
826789,16.0,Zhong Shanshan,$63.8B,-$289M,-$14.4B ,China,Diversified
311936,17.0,Gautam Adani,$62.8B,+$210M,+$29.0B ,India,Industrial
690313,18.0,Jim Walton,$62.0B,-$508M,-$479M ,United States,Retail
658601,19.0,Rob Walton,$61.5B,-$496M,-$1.11B ,United States,Retail
267117,20.0,Alice Walton,$60.1B,-$489M,-$2.25B ,United States,Retail
928377,21.0,Ma Huateng,$58.4B,-$985M,+$1.94B ,China,Technology
973818,22.0,MacKenzie Scott,$57.0B,+$582M,-$1.49B ,United States,Technology
424795,23.0,Carlos Slim,$56.5B,-$348M,+$158M ,Mexico,Diversified
870342,24.0,Francois Pinault,$53.7B,-$697M,+$5.93B ,France,Consumer
183881,25.0,Phil Knight & Family,$53.3B,+$123M,-$622M ,United States,Consumer
957291,26.0,Michael Dell,$50.4B,-$849M,+$10.2B ,United States,Technology
225785,27.0,Jack Ma,$49.6B,+$208M,-$945M ,China,Technology
656821,28.0,Jacqueline Badger Mars,$44.8B,-$234M,+$3.00B ,United States,Food & Beverage
447876,29.0,John Mars,$44.8B,-$234M,+$3.00B ,United States,Food & Beverage
669163,30.0,Zhang Yiming,$44.5B,$0,+$19.5B ,China,Technology
586013,31.0,Colin Huang,$44.3B,+$1.49B,-$18.3B ,China,Technology
376764,32.0,Alain Wertheimer,$43.8B,-$649M,+$4.35B ,France,Consumer
738988,33.0,Gerard Wertheimer,$43.8B,-$649M,+$4.35B ,France,Consumer
244562,34.0,Tadashi Yanai,$40.8B,-$165M,-$4.42B ,Japan,Retail
680405,35.0,Len Blavatnik,$39.8B,-$471M,+$1.65B ,United States,Diversified
386999,36.0,Giovanni Ferrero & Family,$35.1B,+$319M,+$1.01B ,Italy,Food & Beverage
182358,37.0,Miriam Adelson,$33.9B,-$535M,+$33.9B ,United States,Entertainment
869202,38.0,Klaus-Michael Kuehne,$33.8B,-$466M,+$9.69B ,Germany,Industrial
297107,39.0,Masayoshi Son,$33.8B,-$2.30B,+$5.98B ,Japan,Technology
956521,40.0,William Ding,$33.7B,+$264M,+$3.26B ,China,Technology
939008,41.0,Vladimir Potanin,$33.6B,+$202M,+$3.60B ,Russia,Commodities
569491,42.0,Li Ka-shing,$32.9B,-$219M,+$1.78B ,Hong Kong,Real-Estate
400114,43.0,Zeng Yuqun,$32.8B,-$208M,+$1.84B ,Hong Kong,Industrial
517160,44.0,Yang Huiyan,$31.9B,-$1.15B,+$1.91B ,China,Real-Estate
293302,45.0,Azim Premji,$31.4B,-$347M,+$6.01B ,India,Technology
323429,46.0,He Xiangjian,$31.3B,+$35.6M,-$5.48B ,China,Consumer
618808,47.0,Gina Rinehart,$31.2B,-$8.31M,+$2.52B ,Australia,Commodities
910508,48.0,Leonard Lauder,$30.6B,-$337M,+$2.77B ,United States,Consumer
819835,49.0,Dan Gilbert,$30.4B,-$774M,-$2.86B ,United States,Real-Estate
736029,50.0,Qin Yinglin,$29.8B,-$8.44M,+$7.03B ,China,Food & Beverage
652949,51.0,James Dyson,$29.5B,-$302M,+$5.62B ,United Kingdom,Consumer
924916,52.0,Vladimir Lisin,$29.2B,+$59.5M,+$5.33B ,Russia,Industrial
206992,53.0,Jim Ratcliffe,$29.1B,+$76.0M,+$1.89B ,United Kingdom,Industrial
612996,54.0,Alexey Mordashov,$28.9B,-$241M,+$5.88B ,Russia,Industrial
673536,55.0,Leonid Mikhelson,$28.2B,-$44.2M,+$3.43B ,Russia,Energy
114526,56.0,Takemitsu Takizaki,$27.9B,-$626M,-$4.46B ,Japan,Technology
159399,57.0,Stephen Schwarzman,$27.5B,-$229M,+$5.94B ,United States,Finance
145725,58.0,Pallonji Mistry,$27.4B,-$72.4M,+$2.89B ,Ireland,Industrial
140907,59.0,Pang Kang,$27.1B,+$1.33B,-$4.83B ,China,Food & Beverage
319522,60.0,Leonardo Del Vecchio,$27.0B,-$377M,+$2.27B ,Italy,Consumer
548171,61.0,Dieter Schwarz,$26.9B,-$16.7M,+$588M ,Germany,Retail
164298,62.0,Abigail Johnson,$26.5B,-$706M,+$2.51B ,United States,Finance
565989,63.0,Jiang Rensheng,$26.0B,-$668M,+$7.70B ,China,Health Care
522929,64.0,Iris Fontbona & Family,$25.7B,-$107M,+$5.45B ,Chile,Commodities
132557,65.0,Jorge Paulo Lemann',$25.6B,-$395M,+$1.75B ,Brazil,Food & Beverage
625024,66.0,Susanne Klatten,$25.5B,-$223M,+$2.57B ,Germany,Industrial
692639,67.0,Zhang Zhidong,$25.1B,-$451M,+$833M ,China,Technology
231070,68.0,James Simons,$25.1B,-$100M,+$2.28B ,United States,Finance
262378,69.0,Stefan Persson,$24.6B,-$536M,+$3.43B ,Sweden,Retail
335952,70.0,Andrew Forrest,$24.5B,-$635M,+$2.14B ,Australia,Commodities
322537,71.0,Li Xiting,$24.2B,+$340M,+$919M ,Singapore,Health Care
920333,72.0,Lei Jun,$24.0B,-$527M,-$7.30B ,China,Technology
565982,73.0,Lee Shau Kee,$23.7B,-$420M,+$2.58B ,Hong Kong,Real-Estate
830584,74.0,Eric Schmidt,$23.6B,-$251M,+$4.14B ,United States,Technology
539957,75.0,Shiv Nadar,$23.2B,-$102M,-$904M ,India,Technology
352563,76.0,Henry Cheng,$23.1B,-$320M,+$2.79B ,Hong Kong,Retail
538925,77.0,Ken Griffin,$22.6B,-$150M,+$1.40B ,United States,Finance
906296,78.0,Carl Icahn,$22.5B,-$158M,+$2.31B ,United States,Diversified
640627,79.0,Elaine Marshall,$22.1B,-$174M,+$2.58B ,United States,Industrial
463137,80.0,Laurene Powell Jobs,$21.9B,-$189M,+$616M ,United States,Media & Telecom
978286,81.0,John Menard,$21.7B,-$648M,+$3.30B ,United States,Retail
780437,82.0,Goh Cheng Liang,$21.7B,-$974M,-$5.87B ,Singapore,Industrial
303087,83.0,Thomas Peterffy,$21.5B,-$232M,+$1.95B ,United States,Finance
300761,84.0,Stefan Quandt,$21.4B,-$227M,+$2.60B ,Germany,Industrial
178556,85.0,Sara Mota de Larrea & Family,family,$21.1B,+$65.5M,Mexico,Commodities
606966,86.0,Alisher Usmanov,$20.9B,+$160M,-$192M ,Russia,Diversified
509836,87.0,Lakshmi Mittal,$20.9B,-$252M,+$4.48B ,India,Retail
977092,88.0,Robert Kuok,$20.8B,-$178M,+$3.37B ,Malaysia,Diversified
928478,89.0,Lukas Walton,$20.5B,-$175M,-$2.05B ,United States,Retail
946499,90.0,Ernesto Bertarelli & Family,$20.3B,-$175M,+$288M ,Switzerland,Diversified
792773,91.0,Hui Ka Yan,$20.3B,-$426M,-$2.98B ,China,Real-Estate
202993,92.0,Peter Woo,$20.0B,-$410M,+$2.00B ,Hong Kong,Real-Estate
522508,93.0,Donald Newhouse,$20.0B,-$222M,+$1.53B ,United States,Media & Telecom
617192,94.0,Chen Bang,$20.0B,+$583M,-$517M ,China,Health Care
402005,95.0,Xu Hang,$20.0B,+$280M,+$757M ,Hong Kong,Health Care
211259,96.0,Vagit Alekperov,$20.0B,-$286M,+$2.71B ,Russia,Energy
634207,97.0,Lui Che-Woo,$19.6B,-$467M,+$1.20B ,Hong Kong,Entertainment
957248,98.0,Roman Abramovich,$19.2B,-$132M,+$778M ,Russia,Diversified
988855,99.0,Thomas Frist,$19.1B,-$383M,+$3.28B ,United States,Health Care
552699,100.0,Gennady Timchenko,$18.6B,-$45.6M,+$1.97B,Russia,Diversified
327828,101.0,Wang Xing,$18.4B,-$1.03B,-$3.41B ,China,Technology
398121,102.0,Dietrich Mateschitz,$18.4B,-$80.3M,+$228M ,Austria,Food & Beverage
993549,103.0,Wang Wei,$18.3B,+$61.8M,-$6.83B ,China,Services
316522,104.0,Dustin Moskovitz,$18.2B,-$8.67M,+$1.48B ,United States,Technology
526234,105.0,Lee Man Tat,$17.6B,+$154M,-$854M ,Hong Kong,Food & Beverage
379279,106.0,Charlene de Carvalho-Heineken,$17.3B,-$282M,+$1.25B ,Netherlands,Food & Beverage
795125,107.0,Andrey Melnichenko,$17.2B,-$52.3M,-$916M ,Russia,Industrial
701302,108.0,Viktor Vekselberg,$17.1B,-$123M,+$1.01B ,Russia,Industrial
897774,109.0,Ray Dalio,$17.0B,$0,+$1.52B ,United States,Finance
903522,110.0,Reinhold Wuerth,$16.9B,-$359M,+$595M ,Germany,Industrial
195544,111.0,Thomas Struengmann,$16.9B,-$300M,+$6.71B ,Germany,Health Care
616507,112.0,Andreas Struengmann,$16.9B,-$275M,+$6.73B ,Germany,Health Care
238066,113.0,Alwaleed Bin Talal,$16.7B,+$57.9M,+$484M ,Saudi Arabia,Diversified
102984,114.0,Eduardo Saverin,$16.6B,+$29.9M,+$1.81B ,Brazil,Technology
428235,115.0,Wu Yajun,$16.6B,-$407M,+$442M ,China,Real-Estate
600787,116.0,Zhong Huijuan,$16.6B,-$987M,-$3.23B ,China,Health Care
337337,117.0,Sun Piaoyang,$16.5B,+$596M,-$4.77B ,China,Health Care
171938,118.0,Gustaf Douglas & Family,$16.5B,-$359M,+$3.02B ,Sweden,Diversified
890924,119.0,Aliko Dangote,$16.4B,+$113M,-$1.39B ,Nigeria,Industrial
517936,120.0,Richard Liu,$16.4B,+$316M,-$3.30B ,China,Technology
738629,121.0,Li Shu Fu,$16.4B,-$473M,-$5.78B ,China,Industrial
803198,122.0,Cyrus Poonawalla,$16.2B,-$45.0M,-$25.5M ,India,Health Care
819933,123.0,Budi Hartono,$16.2B,+$111M,-$1.15B ,Indonesia,Diversified
932266,124.0,Hasso Plattner,$16.0B,-$252M,+$771M ,Germany,Technology
597048,125.0,Wang Wenyin,$15.9B,-$456M,+$6.04B ,China,Commodities
487882,126.0,Ernie Garcia,$15.9B,-$243M,+$418M ,United States,Consumer
655107,127.0,Ned Johnson III,$15.7B,-$393M,+$1.98B ,United States,Finance
300117,128.0,Charoen Sirivadhanabhakdi,$15.7B,-$177M,-$23.7M ,Thailand,Food & Beverage
457787,129.0,Donald Bren,$15.7B,$0,+$930M ,United States,Real-Estate
659536,130.0,Ricardo Salinas,$15.5B,-$52.8M,+$2.57B ,Mexico,Diversified
646418,131.0,Patrick Soon-Shiong,$15.5B,-$355M,+$4.89B ,United States,Health Care
727838,132.0,Philip Anschutz,$15.4B,-$105M,+$1.64B ,United States,Diversified
384659,133.0,Radhakishan Damani,$15.4B,+$8.99M,+$481M ,India,Retail
655459,134.0,Michael Hartono,$15.2B,+$105M,-$1.12B ,Indonesia,Diversified
273484,135.0,Ma Jianrong,$15.0B,-$357M,+$1.87B ,China,Consumer
906092,136.0,Jorge Moll & Family,$15.0B,-$179M,+$608M ,Brazil,Health Care
230245,137.0,Charles Ergen,$14.8B,-$100M,+$4.15B ,United States,Media & Telecom
422259,138.0,Dave Duffield,$14.7B,+$202M,+$41.5M ,United States,Technology
307532,139.0,Eric Yuan,$14.7B,+$556M,-$1.72B ,United States,Technology
299617,140.0,Uday Kotak,$14.6B,-$359M,-$1.75B ,India,Finance
761101,141.0,David Tepper,$14.4B,-$25.0M,+$1.61B ,United States,Finance
693080,142.0,Karl Albrecht Jr.,$14.3B,+$11.7M,+$306M ,Germany,Retail
642717,143.0,Beate Heister,$14.3B,+$11.7M,+$306M ,Germany,Retail
367688,144.0,Zuo Hui,$14.2B,+$428M,-$3.92B ,China,Real-Estate
346757,145.0,Jim Goodnight,$14.2B,-$275M,+$1.11B ,United States,Technology
346828,146.0,Patrick Drahi,$14.2B,-$27.1M,-$95.8M ,France,Media & Telecom
708129,147.0,Su Hua,$14.1B,-$789M,+$6.92B ,China,Technology
822670,148.0,Huang Shilin,$14.1B,-$88.0M,+$779M ,China,Industrial
389773,149.0,Scott Farquhar,$13.8B,+$511M,-$534M ,Australia,Technology
591602,150.0,Mike Cannon-Brookes,$13.8B,+$511M,-$534M ,Australia,Technology
954063,151.0,Mikhail Fridman,$13.8B,-$159M,-$628M ,Russia,Diversified
943317,152.0,Robin Li,$13.7B,+$439M,-$1.94B ,China,Technology
788884,153.0,Chen Zhiping,$13.6B,-$122M,-$2.05B ,China,Consumer
299292,154.0,Mikhail Prokhorov,$13.6B,-$27.6M,+$780M ,Russia,Diversified
607756,155.0,Jensen Huang,$13.5B,+$36.5M,+$1.19B ,United States,Technology
655114,156.0,Fan Hongwei,$13.4B,-$667M,+$902M ,China,Energy
920707,157.0,Jim Davis,$13.3B,+$328M,-$428M ,United States,Consumer
889213,158.0,Joseph Tsai,$13.2B,+$72.8M,+$603M ,Canada,Technology
771894,159.0,Hugh Grosvenor,$13.2B,$0,+$525M ,United Kingdom,Real-Estate
906007,160.0,Alejandro Santo Domingo & Family,$13.0B,-$178M,+$521M ,Colombia,Food & Beverage
697034,161.0,Cen Junda,$12.9B,+$157M,-$4.01B ,China,Health Care
903754,162.0,Jan Koum,$12.9B,-$75.0M,+$850M ,United States,Technology
592873,163.0,Wang Jianlin,$12.8B,-$125M,-$2.30B ,China,Real-Estate
663365,164.0,Zhou Qunfei,$12.7B,+$76.9M,-$2.29B ,China,Technology
671971,165.0,Victor Rashnikov,$12.6B,-$99.8M,+$1.46B ,Russia,Industrial
915667,166.0,Raymond Kwok,$12.6B,-$160M,+$1.42B ,Hong Kong,Real-Estate
964584,167.0,Forrest Li,$12.6B,+$346M,+$1.65B ,Singapore,Technology
426093,168.0,Sherry Brydson,$12.6B,-$49.4M,+$1.61B ,Canada,Media & Telecom
808203,169.0,Dang Yanbao,$12.6B,-$909M,+$3.18B ,China,Energy
564757,170.0,Lee Jae-Yong & Family,$12.6B,-$271M,-$15.4B ,Korea,Diversified
664953,171.0,Paolo Rocca  & Family,$12.6B,-$109M,+$2.58B ,Italy,Commodities
295172,172.0,Wu Shaoxun,$12.5B,+$242M,-$3.91B ,China,Food & Beverage
784900,173.0,Wang Chuan-Fu,$12.5B,-$59.5M,-$3.59B ,China,Consumer
919443,174.0,Carl Cook,$12.5B,-$251M,+$1.86B ,United States,Health Care
728146,175.0,Jack Dorsey,$12.5B,+$229M,-$177M ,United States,Technology
856019,176.0,Robert Pera,$12.4B,+$263M,+$211M ,United States,Technology
366747,177.0,Leng You-Bin,$12.4B,+$367M,+$1.61B ,China,Consumer
943708,178.0,Melker Schorling,$12.2B,-$300M,+$856M ,Sweden,Diversified
105857,179.0,Charles Schwab,$12.2B,-$107M,+$2.33B ,United States,Finance
758369,180.0,Brian Chesky,$12.2B,-$306M,-$311M ,United States,Services
739388,181.0,Marcel Telles,$12.2B,-$178M,+$857M ,Brazil,Food & Beverage
667282,182.0,Thomas Kwok,$12.1B,-$152M,+$1.35B ,Hong Kong,Real-Estate
687840,183.0,Dilip Shanghvi,$12.1B,+$207M,+$1.89B ,India,Health Care
142732,184.0,Pierre Omidyar,$12.1B,+$115M,+$837M ,United States,Technology
205666,185.0,Savitri Jindal,$11.9B,-$266M,+$4.59B ,India,Commodities
270780,186.0,Gong Hongjia,$11.8B,-$20.8M,+$1.73B ,China,Technology
315789,187.0,Brian Armstrong,$11.7B,+$369M,+$1.55B ,United States,Technology
416376,188.0,Liu Yongxing,$11.6B,+$321M,+$1.81B ,China,Industrial
471676,189.0,Patrick Collison,$11.4B,$0,+$7.08B ,Ireland,Technology
627591,190.0,John Collison,$11.4B,$0,+$7.08B ,Ireland,Technology
681171,191.0,Harry Triguboff,$11.3B,$0,+$1.58B ,Australia,Real-Estate
332498,192.0,Gordon Moore,$11.3B,-$173M,+$1.00B ,United States,Technology
821478,193.0,Micky Arison,$11.2B,-$83.4M,+$1.14B ,United States,Entertainment
129018,194.0,Cheng Yixiao,$11.2B,-$626M,+$5.49B ,China,Technology
890957,195.0,Marijke Mars,$11.2B,-$58.2M,+$748M ,United States,Food & Beverage
920927,196.0,Victoria Mars,$11.2B,-$58.2M,+$748M ,United States,Food & Beverage
967285,197.0,Pamela Mars-Wright,$11.2B,-$58.2M,+$748M ,United States,Food & Beverage
570812,198.0,Valerie Mars,$11.2B,-$58.2M,+$748M ,United States,Food & Beverage
469084,199.0,Eyal Ofer,$11.1B,-$86.4M,+$747M ,Israel,Services
989480,200.0,Stefano Pessina,$11.0B,-$151M,+$2.29B,Monaco,Retail
934365,201.0,Heinrich Deichmann & Family,$11.0B,-$164M,+$453M ,Germany,Retail
951164,202.0,David Sun,$11.0B,-$547M,+$962M ,United States,Technology
471056,203.0,John Tu,$11.0B,-$547M,+$962M ,United States,Technology
437001,204.0,Anders Holch Povlsen & Family,$11.0B,-$160M,+$1.63B ,Denmark,Retail
470774,205.0,Bobby Murphy,$10.9B,+$230M,+$828M ,United States,Technology
926576,206.0,Graeme Hart,$10.9B,-$20.9M,-$918M ,New Zealand,Finance
351207,207.0,Leon Black,$10.9B,-$35.6M,+$892M ,United States,Finance
481927,208.0,David Geffen,$10.8B,-$57.4M,-$267M ,United States,Entertainment
130692,209.0,Steve Cohen,$10.8B,-$8.82M,+$652M ,United States,Finance
205490,210.0,Dmitry Rybolovlev,$10.8B,-$28.3M,+$421M ,Russia,Diversified
487371,211.0,Ding Shizhong,$10.8B,-$213M,+$1.04B ,China,Consumer
564581,212.0,Emmanuel Besnier,$10.8B,-$96.6M,+$583M ,France,Food & Beverage
551302,213.0,Liu Yonghao,$10.8B,+$72.2M,-$2.60B ,China,Diversified
723296,214.0,Wei Jianjun,$10.7B,-$325M,-$2.07B ,China,Consumer
628084,215.0,Reinhold Schmieding,$10.7B,-$98.8M,+$1.95B ,United States,Health Care
342735,216.0,Carlos Sicupira,$10.6B,-$141M,+$584M ,Brazil,Food & Beverage
901669,217.0,Frank Wang,$10.6B,+$144M,+$940M ,China,Technology
739153,218.0,Li Shuirong,$10.6B,-$1.03B,-$1.19B ,China,Energy
568020,219.0,Pham Nhat Vuong,$10.5B,-$128M,+$2.01B ,Viet Nam,Real-Estate
902275,220.0,Michael Kadoorie,$10.5B,-$131M,+$645M ,Hong Kong,Energy
151357,221.0,Ding Shijia,$10.5B,-$207M,+$1.01B ,China,Consumer
870082,222.0,Seo Jung-Jin,$10.4B,-$227M,-$4.66B ,Korea,Health Care
342615,223.0,Stan Druckenmiller,$10.4B,+$4.60B,+$4.60B ,United States,Finance
431475,224.0,Kumar Birla,$10.4B,-$62.6M,+$3.55B ,India,Industrial
216263,225.0,Kim Jung-Ju,$10.4B,-$284M,+$51.1M ,Korea,Technology
717922,226.0,Georg Schaeffler,$10.3B,-$203M,-$409M ,Germany,Industrial
927831,227.0,Rinat Akhmetov,$10.3B,-$85.2M,+$2.81B ,Ukraine,Industrial
155089,228.0,Blair Parry-Okeden,$10.3B,-$124M,+$1.04B ,United States,Media & Telecom
470913,229.0,Jim Kennedy,$10.3B,-$99.0M,+$1.04B ,United States,Media & Telecom
297088,230.0,Suleiman Kerimov,$10.3B,+$17.5M,+$398M ,Russia,Commodities
164290,231.0,Brian Kim,$10.3B,-$159M,+$3.34B ,Korea,Technology
741197,232.0,Shu Ping,$10.3B,+$307M,-$4.26B ,Singapore,Food & Beverage
634326,233.0,Evan Spiegel,$10.3B,+$183M,+$827M ,United States,Technology
636089,234.0,Michael Platt,$10.2B,-$100M,+$5.35B ,United Kingdom,Finance
658767,235.0,Qi Shi,$10.2B,+$201M,+$41.0M ,China,Finance
724731,236.0,Zhang Yong,$10.2B,+$307M,-$4.26B ,Singapore,Food & Beverage
614814,237.0,Jay Chaudhry,$10.2B,+$254M,-$1.64B ,United States,Technology
925413,238.0,Anthony Pratt,$10.2B,-$55.2M,+$2.38B ,Australia,Industrial
100613,239.0,Johann Graf,$10.1B,$0,+$50.0M ,Austria,Entertainment
877783,240.0,Dietmar Hopp,$10.1B,-$179M,+$432M ,Germany,Technology
621993,241.0,Michael Otto,$10.1B,-$96.6M,+$72.6M ,Germany,Retail
659851,242.0,Antonia Axson Johnson,$10.1B,-$57.9M,+$973M ,Sweden,Industrial
997894,243.0,George Roberts,$10.0B,-$96.7M,+$1.66B ,United States,Finance
780180,244.0,Nathan Blecharczyk,$9.99B,-$278M,-$271M ,United States,Services
575165,245.0,Joe Gebbia,$9.97B,-$278M,-$295M ,United States,Services
318616,246.0,Gianluigi Aponte,$9.95B,$0,+$392M ,Switzerland,Services
882073,247.0,John Fredriksen,$9.91B,-$103M,+$1.21B ,Cyprus,Industrial
944594,248.0,Yao Liangsong,$9.86B,-$258M,+$1.45B ,China,Retail
143111,249.0,Giorgio Armani,$9.77B,-$352M,+$2.14B ,Italy,Consumer
630931,250.0,Sarath Ratanavadi,$9.77B,-$19.6M,+$510M ,Thailand,Energy
658547,251.0,Henry Kravis,$9.76B,-$117M,+$1.52B ,United States,Finance
956737,252.0,Christy Walton,$9.76B,-$73.7M,-$244M ,United States,Retail
941953,253.0,Luis Sarmiento,$9.75B,-$7.99M,-$947M ,Colombia,Finance
859823,254.0,Cai Kui,$9.74B,-$220M,+$467M ,China,Real-Estate
104447,255.0,Stan Kroenke,$9.72B,$0,+$1.37B ,United States,Real-Estate
382816,256.0,Niels Louis-Hansen,$9.68B,-$195M,+$389M ,Denmark,Health Care
660345,257.0,Les Wexner,$9.65B,-$100M,+$1.68B ,United States,Retail
334940,258.0,Sunil Mittal,$9.59B,-$57.8M,+$696M ,India,Media & Telecom
975524,259.0,Tobi Lutke,$9.57B,+$231M,-$264M ,Canada,Technology
363182,260.0,Alberto Bailleres,$9.57B,-$87.6M,-$698M ,Mexico,Commodities
824469,261.0,Tito Beveridge,$9.55B,-$84.6M,+$2.63B ,United States,Consumer
848433,262.0,Anthony Bamford & Family,$9.51B,-$204M,+$1.69B ,United Kingdom,Industrial
104275,263.0,Tim Sweeney,$9.47B,-$25.0M,+$25.0M ,United States,Technology
138823,264.0,Zhao Yan,$9.47B,+$239M,+$2.40B ,China,Health Care
489015,265.0,Jorn Rausing,$9.46B,-$118M,-$337M ,Sweden,Services
330340,266.0,Zhang Bangxin,$9.43B,-$182M,-$3.11B ,China,Services
821841,267.0,August von Finck,$9.42B,-$111M,-$23.2M ,Germany,Diversified
919566,268.0,Andy Beal,$9.40B,-$67.8M,+$599M ,United States,Finance
198803,269.0,George Lucas,$9.40B,-$95.7M,+$220M ,United States,Entertainment
234489,270.0,German Khan,$9.39B,-$89.8M,-$395M ,Russia,Diversified
904405,271.0,Wee Cho Yaw,$9.39B,-$135M,+$917M ,Singapore,Finance
521996,272.0,Denise Coates,$9.37B,-$565M,-$876M ,United Kingdom,Entertainment
927196,273.0,Alexander Abramov,$9.34B,-$51.0M,+$956M ,Russia,Industrial
839524,274.0,Qian Dongqi,$9.32B,-$313M,+$4.10B ,China,Technology
412469,275.0,Harold Hamm,$9.32B,+$74.1M,+$4.22B ,United States,Energy
256308,276.0,Iskandar Makhmudov,$9.31B,+$250M,+$1.46B ,Russia,Commodities
371626,277.0,John Malone,$9.29B,-$46.3M,+$1.22B ,United States,Media & Telecom
209390,278.0,Hansjoerg Wyss,$9.27B,-$35.6M,+$347M ,Switzerland,Health Care
441524,279.0,Rupert Murdoch,$9.20B,+$19.7M,+$1.75B ,United States,Media & Telecom
964682,280.0,James Pattison,$9.18B,-$33.6M,+$1.59B ,Canada,Media & Telecom
725309,281.0,Jude Reyes,$9.18B,-$138M,+$1.24B ,United States,Consumer
534983,282.0,Chris Reyes,$9.18B,-$138M,+$1.24B ,United States,Consumer
102625,283.0,Tatyana Bakalchuk,$9.14B,+$136M,+$49.9M ,Russia,Technology
608467,284.0,Gabe Newell,$9.06B,+$100M,-$114M ,United States,Technology
595283,285.0,Andrew Currie,$8.97B,+$23.6M,+$588M ,United Kingdom,Industrial
954757,286.0,Johann Rupert & Family,$8.94B,-$115M,+$924M ,South Africa,Diversified
390171,287.0,Silvio Berlusconi,$8.94B,-$105M,+$856M ,Italy,Media & Telecom
903132,288.0,John Reece,$8.91B,+$23.4M,+$584M ,United Kingdom,Industrial
352420,289.0,Cheng Xue,$8.90B,+$442M,-$1.48B ,China,Food & Beverage
996317,290.0,Willi Liebherr,$8.86B,-$193M,+$963M ,Germany,Industrial
918288,291.0,Isolde Liebherr,$8.86B,-$193M,+$963M ,Germany,Industrial
978595,292.0,John Albert Sobrato,$8.84B,$0,$0 ,United States,Real-Estate
806203,293.0,Marc Benioff,$8.83B,+$27.7M,-$93.0M ,United States,Technology
934344,294.0,Denis Sverdlov,$8.80B,-$130M,+$4.17B ,Russia,Technology
104315,295.0,Li Zhenguo,$8.80B,-$147M,+$496M ,China,Energy
116373,296.0,Sandra Ortega Mera,$8.74B,-$134M,+$1.02B ,Spain,Retail
233118,297.0,Hui Wing Mau,$8.74B,-$193M,-$768M ,Hong Kong,Real-Estate
898674,298.0,Liu Jincheng,$8.71B,-$292M,+$621M ,China,Industrial
221778,299.0,Theo Albrecht Jr.,$8.71B,-$193M,+$53.7M ,Germany,Retail
414469,300.0,Dennis Washington,$8.69B,-$49.8M,+$1.56B ,United States,Industrial
882583,301.0,Stephen Ross,$8.69B,-$128M,+$327M ,United States,Real-Estate
729388,302.0,Lin Bin,$8.66B,-$189M,-$3.16B ,United States,Technology
319852,303.0,Mohammed Al Amoudi,$8.66B,+$28.7M,+$1.09B ,Saudi Arabia,Energy
555664,304.0,Robert Smith,$8.65B,$0,+$1.60B ,United States,Finance
517582,305.0,Rocco Commisso,$8.64B,-$64.4M,-$1.30B ,United States,Media & Telecom
773546,306.0,Benu Bangur,$8.61B,+$81.0M,+$1.05B ,India,Commodities
911313,307.0,German Larrea,$8.61B,+$19.2M,+$2.30B ,Mexico,Commodities
730451,308.0,Anthony von Mandl,$8.60B,-$102M,+$2.60B ,Canda,Consumer
323823,309.0,Shigenobu Nagamori,$8.60B,-$273M,-$986M ,Japan,Industrial
802576,310.0,Lu Zhongfang,$8.60B,+$563M,-$3.19B ,China,Services
984118,311.0,Jerry Jones,$8.56B,-$45.8M,+$2.17B ,United States,Entertainment
386839,312.0,Pei Zhenhua,$8.48B,-$58.9M,+$624M ,China,Industrial
213512,313.0,Sun Hongbin,$8.45B,-$147M,+$648M ,United States,Real-Estate
800408,314.0,Ugur Sahin,$8.45B,-$185M,+$4.98B ,Germany,Health Care
716710,315.0,Joseph Lau,$8.39B,-$68.9M,+$742M ,Hong Kong,Real-Estate
820937,316.0,Xu Shihui,$8.32B,-$78.2M,+$366M ,China,Food & Beverage
316980,317.0,Li Ge,$8.30B,+$101M,+$507M ,United States,Health Care
319034,318.0,Ned Johnson IV,$8.29B,-$188M,+$967M ,United States,Finance
760824,319.0,Elizabeth Johnson,$8.29B,-$187M,+$964M ,United States,Finance
199233,320.0,Alexander Otto,$8.28B,-$48.4M,+$286M ,Germany,Real-Estate
690698,321.0,Ruan Xueping,$8.28B,+$34.8M,-$265M ,China,Industrial
867795,322.0,Ruan Liping,$8.28B,+$9.78M,-$290M ,China,Industrial
360882,323.0,Daniel Dines,$8.27B,+$1.03B,+$3.56B ,Romania,Technology
405486,324.0,Carl Bennet,$8.25B,-$204M,+$1.39B ,Sweden,Finance
595894,325.0,Izzy Englander,$8.25B,-$28.3M,+$1.48B ,United States,Finance
565882,326.0,Magdalena Martullo,$8.24B,-$192M,-$270M ,Switzerland,Industrial
194772,327.0,Laurent Dassault,$8.19B,-$47.3M,+$550M ,France,Diversified
409624,328.0,Marie-Helene Habert-Dassault,$8.19B,-$47.4M,+$550M ,France,Diversified
318209,329.0,Thierry Dassault,$8.19B,-$47.3M,+$550M ,France,Diversified
692036,330.0,Ralph Lauren,$8.17B,-$89.8M,+$812M ,United States,Consumer
720332,331.0,Richard Kinder,$8.16B,-$96.9M,+$1.35B ,United States,Energy
300731,332.0,Kei Hoi Pang,$8.12B,-$47.0M,-$283M ,China,Real-Estate
476311,333.0,Juan Beckmann Vidal & Family,$8.11B,-$62.5M,-$319M ,Mexico,Food & Beverage
240031,334.0,Shahid Khan,$8.09B,-$40.0M,-$102M ,United States,Consumer
637870,335.0,Yu Renrong,$8.01B,+$109M,+$1.28B ,China,Technology
772054,336.0,Mat Ishbia,$8.00B,+$78.9M,-$3.35B ,United States,Finance
793105,337.0,Rahel Blocher,$7.99B,-$167M,-$295M ,Switzerland,Industrial
235235,338.0,Ludwig Merckle,$7.99B,-$108M,+$584M ,Germany,Industrial
239534,339.0,Chen Jianhua,$7.98B,-$441M,-$1.30B ,China,Industrial
884395,340.0,Frank Lowy,$7.93B,-$75.0M,+$525M ,Australia,Real-Estate
506154,341.0,Nicky Oppenheimer,$7.83B,-$25.0M,+$675M ,South Africa,Diversified
444325,342.0,David Thomson,$7.81B,-$34.8M,+$1.00B ,Canada,Media & Telecom
480363,343.0,Taylor Thomson,$7.81B,-$36.7M,+$999M ,Canada,Media & Telecom
123343,344.0,Peter Thomson,$7.81B,-$36.7M,+$999M ,Canada,Media & Telecom
562523,345.0,Bob Rich,$7.81B,-$85.5M,+$720M ,United States,Food & Beverage
713986,346.0,Leonid Fedun,$7.80B,-$119M,+$1.13B ,Russia,Energy
180294,347.0,Nusli Wadia,$7.76B,+$57.7M,-$128M ,India,Diversified
233925,348.0,Geoffrey Kwok,$7.73B,-$99.2M,+$1.02B ,Hong Kong,Real-Estate
883688,349.0,Finn Rausing,$7.66B,-$51.6M,-$35.0M ,Sweden,Services
947836,350.0,Kirsten Rausing,$7.66B,-$51.6M,-$35.0M ,Sweden,Services
823857,351.0,George Soros,$7.60B,$0,$0 ,United States,Finance
279208,352.0,Steven Spielberg,$7.58B,-$75.0M,+$425M ,United States,Entertainment
643434,353.0,Charles Cadogan,$7.57B,$0,+$510M ,United Kingdom,Real-Estate
986955,354.0,Liu Hanyuan,$7.52B,-$48.4M,+$107M ,China,Industrial
658328,355.0,Liz Mohn,$7.52B,-$113M,+$763M ,Germany,Media & Telecom
739486,356.0,Ronda Stryker,$7.50B,-$104M,+$276M ,United States,Health Care
696300,357.0,Yu Yong,$7.49B,-$330M,+$2.08B ,China,Finance
647127,358.0,Chase Coleman,$7.47B,-$13.8M,+$2.11B ,United States,Finance
487487,359.0,Andy Bechtolsheim,$7.45B,-$18.3M,+$582M ,Germany,Technology
529570,360.0,Hong Ra-hee,$7.44B,-$276M,+$414M ,Korea,Diversified
869151,361.0,Tammy Gustavson,$7.43B,-$46.0M,+$944M ,United States,Services
404728,362.0,Lin Jianhua,$7.42B,-$156M,+$167M ,China,Technology
803620,363.0,Martin Viessmann & Family,$7.42B,-$138M,+$427M ,Germany,Industrial
190351,364.0,Frederik Paulsen,$7.41B,+$80.6M,+$2.35B ,Sweden,Health Care
753329,365.0,Laurence Graff,$7.40B,-$158M,+$1.20B ,United Kingdom,Consumer
313655,366.0,Takahisa Takahara,$7.39B,-$191M,-$1.70B ,Japan,Consumer
973878,367.0,John Grayken,$7.36B,-$121M,-$852M ,Ireland,Finance
304477,368.0,Gang Ye,$7.29B,+$207M,+$990M ,Singapore,Technology
325592,369.0,Samuel Yin,$7.28B,+$159M,+$2.88B ,Taiwan,Diversified
903537,370.0,Wang Laisheng,$7.27B,-$15.6M,-$3.22B ,China,Industrial
336129,371.0,Sri Prakash Lohia,$7.26B,-$98.2M,+$365M ,Indonesia,Industrial
664515,372.0,Axel Oberwelland,$7.24B,-$63.3M,+$1.41B ,Germany,Food & Beverage
175805,373.0,Mohamed Al Jaber,$7.20B,+$1.46M,+$8.55M ,Saudi Arabia,Retail
522990,374.0,Gwendolyn Sontheim Meyer,$7.17B,-$25.0M,+$1.13B ,United States,Commodities
721835,375.0,Pauline Keinath,$7.17B,-$25.0M,+$1.13B ,United States,Commodities
167449,376.0,Tom Gores,$7.17B,-$25.0M,+$2.02B ,United States,Finance
863880,377.0,Hiroshi Mikitani,$7.13B,-$237M,+$1.20B ,Japan,Retail
906847,378.0,Jian Jun,$7.13B,+$243M,+$2.46B ,China,Consumer
802399,379.0,Teh Hong Piow,$7.11B,-$14.3M,+$231M ,Malaysia,Finance
825417,380.0,Terry Pegula,$7.10B,-$25.0M,+$800M ,United States,Energy
143215,381.0,Alexey Kuzmichev,$7.08B,-$69.8M,-$333M ,Russia,Diversified
623902,382.0,John Sall,$7.08B,-$137M,+$553M ,United States,Technology
890204,383.0,Antti Herlin,$7.03B,-$96.0M,+$195M ,Finland,Industrial
346842,384.0,Chris Hohn,$7.02B,-$46.6M,+$3.02B ,United Kingdom,Finance
865989,385.0,David Shaw,$7.02B,-$52.1M,+$1.14B ,United States,Finance
628029,386.0,Nassef Sawiris,$7.01B,-$70.0M,+$411M ,Egypt,Industrial
222984,387.0,Alain Merieux,$7.01B,-$34.0M,-$1.12B ,France,Health Care
469788,388.0,Natie Kirsh,$7.01B,-$5.47M,+$548M ,South Africa,Food & Beverage
317646,389.0,Kenneth Dart,$6.98B,-$148M,+$659M ,Cayman Islands,Finance
191785,390.0,Horst Pudwill,$6.97B,-$173M,+$1.64B ,Hong Kong,Consumer
770559,391.0,Shari Arison,$6.97B,-$115M,+$419M ,Israel,Diversified
655471,392.0,Nancy Laurie,$6.97B,-$54.0M,-$10.5M ,United States,Retail
219018,393.0,Wang Yusuo,$6.96B,+$99.0M,+$2.20B ,China,Energy
814825,394.0,Tan Kim Choo,$6.95B,-$131M,+$2.56B ,Singapore,Real-Estate
557048,395.0,Stef Wertheimer,$6.88B,-$50.0M,+$350M ,Israel,Diversified
297823,396.0,Pankaj Patel,$6.86B,+$75.5M,+$1.58B ,India,Health Care
333632,397.0,Kjeld Kirk Kristiansen,$6.83B,-$95.5M,-$280M ,Denmark,Consumer
496123,398.0,Ray Hunt,$6.83B,-$93.3M,+$2.12B ,United States,Energy
965463,399.0,Margaretta Taylor,$6.81B,-$65.5M,+$696M ,United States,Media & Telecom
421176,400.0,James Cox Chambers,$6.81B,-$65.5M,+$696M ,United States,Media & Telecom
698619,401.0,Katharine Rayner,$6.81B,-$65.5M,+$696M ,United States,Media & Telecom
466620,402.0,Fredrik Lundberg,$6.78B,-$159M,+$386M ,Sweden,Real-Estate
582265,403.0,Chu Mang Yee,$6.78B,+$67.2M,+$2.44B ,China,Real-Estate
171084,405.0,Ernest Garcia III,$6.73B,-$84.1M,-$9.85M ,United States,Consumer
157103,406.0,Bertil Hult,$6.72B,-$158M,+$1.05B ,Sweden,Diversified
128542,407.0,Eric Smidt,$6.71B,-$278M,+$1.12B ,United States,Retail
792334,408.0,Vincent Bollore,$6.69B,+$2.24M,+$1.49B ,France,Diversified
233842,409.0,Joe Lewis,$6.68B,-$53.3M,+$187M ,United Kingdom,Diversified
912851,410.0,Josh Harris,$6.67B,-$17.7M,+$563M ,United States,Finance
262153,411.0,J K Irving,$6.67B,+$3.96M,+$419M ,Canada,Commodities
400326,412.0,Ronald McAulay,$6.66B,-$56.0M,+$346M ,Hong Kong,Energy
884475,413.0,Jean-Michel Besnier,$6.64B,-$59.6M,+$359M ,France,Food & Beverage
885593,414.0,Randa Williams,$6.63B,-$32.4M,+$778M ,United States,Energy
610077,415.0,Dannine Avara,$6.63B,-$32.4M,+$778M ,United States,Energy
573462,416.0,Scott Duncan,$6.63B,-$32.4M,+$778M ,United States,Energy
568025,417.0,Milane Frantz,$6.63B,-$32.4M,+$778M ,United States,Energy
609699,418.0,Sofie Kirk Kristiansen,$6.63B,-$70.5M,-$305M ,Denmark,Consumer
776879,419.0,Agnete Kirk Thinggaard,$6.63B,-$70.5M,-$305M ,Denmark,Consumer
407482,420.0,Thomas Kirk Kristiansen,$6.63B,-$70.5M,-$305M ,Denmark,Consumer
853948,421.0,Wang Laichun,$6.60B,-$15.5M,-$3.24B ,China,Industrial
647370,422.0,Xavier Niel,$6.60B,+$57.8M,-$713M ,France,Technology
135316,423.0,Lynn Schusterman,$6.58B,-$26.3M,+$381M ,United States,Energy
843473,424.0,Lai Meisong,$6.58B,-$79.5M,+$402M ,China,Services
363531,425.0,Tom Morris,$6.55B,-$123M,+$955M ,United Kingdom,Retail
105511,426.0,Yasumitsu Shigeta,$6.55B,-$107M,-$545M ,Japan,Media & Telecom
797681,427.0,K P Singh,$6.54B,-$6.28M,+$874M ,India,Real-Estate
597582,428.0,Rahul Bajaj,$6.53B,-$21.8M,+$966M ,India,Diversified
585523,429.0,Simon Reuben,$6.50B,-$50.0M,+$150M ,United Kingdom,Diversified
646106,430.0,David Reuben,$6.50B,-$25.0M,+$150M ,United Kingdom,Diversified
910212,431.0,Leaf Hua Li,$6.46B,+$413M,+$4.15B ,China,Technology
652616,432.0,George Kaiser,$6.42B,-$31.8M,+$450M ,United States,Energy
409641,433.0,Bom Kim,$6.39B,-$143M,+$5.49B ,United States,Technology
588367,434.0,Andrey Guryev,$6.38B,+$42.6M,+$1.26B ,Russia,Industrial
724162,435.0,Chung Mong-Koo,$6.37B,-$58.7M,+$688M ,Korea,Industrial
230791,436.0,Jean-Pierre Cayard,$6.35B,-$108M,+$588M ,France,Food & Beverage
554615,437.0,Peter Thiel,$6.31B,+$237M,-$330M ,United States,Finance
422088,438.0,Jane Lauder,$6.30B,-$71.4M,+$596M ,United States,Consumer
373324,439.0,Udo Tschira,$6.29B,-$134M,+$303M ,Germany,Technology
270010,440.0,Harald Tschira,$6.29B,-$134M,+$303M ,Germany,Technology
462018,441.0,Lv Xiang-yang,$6.26B,-$61.9M,+$1.87B ,China,Consumer
470933,442.0,Bubba Cathy,$6.25B,-$20.2M,+$260M ,United States,Food & Beverage
464273,443.0,Ivan Glasenberg,$6.24B,-$54.2M,+$1.81B ,Australia,Commodities
681058,444.0,Dan Cathy,$6.24B,-$23.6M,+$256M ,United States,Food & Beverage
861642,445.0,Andre Hoffmann,$6.23B,-$94.5M,+$304M ,Switzerland,Health Care
549882,446.0,Philip Ng,$6.23B,-$71.1M,+$1.29B ,Singapore,Real-Estate
605398,447.0,Petr Aven,$6.20B,-$43.0M,+$83.4M ,Russia,Diversified
791219,448.0,Mark Shoen,$6.16B,-$138M,+$1.35B ,United States,Services
696523,449.0,Robert Ng,$6.16B,-$69.3M,+$1.28B ,Singapore,Real-Estate
407227,450.0,Tsai Eng-Meng,$6.15B,-$43.5M,+$194M ,Taiwan,Food & Beverage
751539,451.0,Isaac Perlmutter,$6.14B,-$67.6M,+$38.7M ,United States,Entertainment
506137,452.0,Linda Campbell,$6.14B,-$33.9M,+$785M ,Canada,Media & Telecom
455784,453.0,Gaye Farncombe,$6.14B,-$8.88M,+$785M ,Canada,Media & Telecom
747143,454.0,Michael Herz & Family,$6.14B,-$17.5M,+$331M ,Germany,Consumer
670538,455.0,Olav Thon,$6.13B,-$59.0M,+$300M ,Norway,Real-Estate
236219,456.0,Barry Lam,$6.13B,-$165M,+$626M ,Taiwan,Technology
556071,457.0,Robert Rowling,$6.12B,-$107M,-$19.7M ,United States,Energy
109890,458.0,Barry Diller,$6.12B,+$69.7M,+$568M ,United States,Technology
376421,459.0,Wolfgang Herz & Family,$6.12B,-$17.5M,+$313M ,Germany,Consumer
764446,460.0,Leonard Stern,$6.10B,-$25.0M,+$604M ,United States,Real-Estate
685339,461.0,Wang Wenjing,$6.10B,+$2.56M,-$1.77B ,China,Technology
167682,462.0,Manuel Villar,$6.06B,-$1.73M,-$609M ,Philippines,Diversified
796302,463.0,Charles Butt & Family,$6.06B,-$223M,+$731M ,United States,Retail
973770,464.0,Anthony Wood,$6.04B,+$220M,-$502M ,United States,Technology
365938,465.0,Peter-Alexander Wacker & Family,$6.04B,-$43.7M,+$312M ,Germany,Industrial
223218,466.0,Andreas Halvorsen,$6.01B,-$14.7M,+$1.94B ,Norway,Finance
921270,467.0,Terry Gou,$5.99B,-$160M,-$615M ,Taiwan,Industrial
766227,468.0,Robert Kraft,$5.99B,+$56.3k,+$973M ,United States,Entertainment
227990,469.0,Ann Kroenke,$5.97B,-$50.7M,-$134M ,United States,Retail
543251,470.0,Henry Samueli,$5.96B,+$38.4M,+$71.5M ,United States,Technology
862660,471.0,Frits Goldschmeding,$5.96B,-$118M,+$698M ,Netherlands,Retail
274965,472.0,Arthur Irving,$5.95B,-$98.8M,-$1.58B ,Canada,Energy
803631,473.0,Andrey Kozitsyn,$5.93B,+$20.6M,+$1.72B ,Russia,Industrial
571423,474.0,Vera Michalski-Hoffmann,$5.92B,-$97.7M,+$76.5M ,Switzerland,Health Care
771573,475.0,Maja Hoffmann,$5.92B,-$97.7M,+$76.5M ,Switzerland,Health Care
203505,476.0,Majid Al Futtaim,$5.92B,+$111M,-$684M ,United Arab Emirates,Real-Estate
446800,477.0,Edward Roski,$5.90B,-$25.0M,+$79.3M ,United States,Real-Estate
992582,478.0,Zhang Lei,$5.90B,-$34.1M,+$261M ,China,Finance
817129,479.0,Charles Johnson,$5.89B,-$114M,+$1.08B ,United States,Finance
226752,480.0,Richard Branson,$5.88B,-$15.9M,+$161M ,United Kingdom,Diversified
712611,481.0,Miuccia Prada,$5.88B,-$20.6M,-$70.3M ,Italy,Consumer
306359,482.0,Vivien Chen,$5.88B,-$125M,+$849M ,Hong Kong,Real-Estate
715758,483.0,Marcos Galperin,$5.88B,-$12.2M,-$1.18B ,Argentina,Technology
885628,484.0,Bidzina Ivanishvili,$5.87B,-$25.0M,+$200M ,Georgia,Diversified
191187,485.0,Guenther Fielmann,$5.86B,-$28.1M,-$128M ,Germany,Consumer
889721,486.0,Patrizio Bertelli,$5.86B,-$45.6M,-$70.4M ,Italy,Consumer
246961,487.0,Pat Stryker,$5.84B,-$85.6M,+$175M ,United States,Health Care
915774,488.0,Francis Choi,$5.84B,+$298k,-$198M ,Hong Kong,Real-Estate
711525,489.0,Jeffery Hildebrand,$5.82B,-$133M,+$2.72B ,United States,Energy
193025,490.0,Li Ping,$5.81B,-$36.7M,+$344M ,China,Industrial
745779,491.0,Chip Wilson,$5.81B,-$28.1M,-$149M ,Canada,Retail
384544,492.0,Marie Besnier Beauvalot,$5.80B,-$52.1M,+$314M ,France,Food & Beverage
261742,493.0,Clive Calder,$5.78B,-$25.0M,+$325M ,United Kingdom,Entertainment
353346,494.0,Kwon Hyuk-Bin,$5.77B,-$76.0M,-$266M ,Korea,Media & Telecom
412059,495.0,Mark Cuban,$5.75B,-$25.0M,+$826M ,United States,Technology
571765,496.0,Lino Saputo,$5.75B,-$48.0M,+$772M ,Canada,Food & Beverage
383316,497.0,Prajogo Pangestu,$5.74B,-$74.7M,-$1.03B ,Indonesia,Energy
626145,498.0,Charles Dolan & Family,$5.74B,-$35.8M,+$212M ,United States,Media & Telecom
946057,499.0,Vladimir Kim,$5.72B,+$2.80M,+$792M ,Kazakhstan,Commodities
724828,500.0,Odd Reitan,$5.72B,-$19.9M,+$669M,Norway,Food & Beverage
